nam,phuong_thuc,buoc,start_date,end_date,url
2025,"TSA, SPT",ĐK NV trên Hệ thống Bộ GDĐT,2025-07-16,2025-07-28,https://tuyensinh.huce.edu.vn/thong-tin-tuyen-sinh-dai-hoc-chinh-quy-nam-2025-4
2025,V-SAT,Bước 1: Đăng ký trên hệ thống V-SAT,2025-06-20,2025-06-30,https://V-SAT.huce.edu.vn
2025,V-SAT,Bước 2: ĐK NV trên Hệ thống Bộ GDĐT,2025-07-16,2025-07-28,https://tuyensinh.huce.edu.vn/thong-tin-tuyen-sinh-dai-hoc-chinh-quy-nam-2025-4
2025,Chứng chỉ quốc tế,Bước 1: Điền phiếu đăng ký theo mẫu,2025-05-30,2025-06-30,https://tuyensinh.huce.edu.vn/thong-tin-tuyen-sinh-dai-hoc-chinh-quy-nam-2025-4
2025,Chứng chỉ quốc tế,Bước 2: Hoàn thiện hồ sơ theo file thông tin tuyển sinh,2025-05-30,2025-06-30,https://tuyensinh.huce.edu.vn/thong-tin-tuyen-sinh-dai-hoc-chinh-quy-nam-2025-4
2025,Chứng chỉ quốc tế,Bước 4: ĐK NV trên Hệ thống Bộ GDĐT,2025-07-16,2025-07-28,https://tuyensinh.huce.edu.vn/thong-tin-tuyen-sinh-dai-hoc-chinh-quy-nam-2025-4
2025,Tuyển thẳng,Bước 1: Nộp hồ sơ trực tiếp hoặc qua bưu điện,2025-05-30,2025-06-30,https://tuyensinh.huce.edu.vn/thong-tin-tuyen-sinh-dai-hoc-chinh-quy-nam-2025-4
2025,Tuyển thẳng,Bước 2: ĐK NV trên Hệ thống Bộ GDĐT,2025-07-16,2025-07-28,https://tuyensinh.huce.edu.vn/thong-tin-tuyen-sinh-dai-hoc-chinh-quy-nam-2025-4
2025,Ưu tiên xét tuyển,Bước 1: Đăng ký trên hệ thống UTXT,2025-05-15,2025-06-20,https://utxt.huce.edu.vn
2025,Ưu tiên xét tuyển,Bước 2: ĐK NV trên Hệ thống Bộ GDĐT,2025-07-16,2025-07-28,https://tuyensinh.huce.edu.vn/thong-tin-tuyen-sinh-dai-hoc-chinh-quy-nam-2025-4
